,mean_test_precision_score,mean_test_recall_score,mean_test_accuracy_score,param_max_depth,param_max_features,param_min_samples_split,param_n_estimators
4,0.927949134199134,0.5626190476190476,0.8049795918367346,3,5,3,100
7,0.9187416749916748,0.5626190476190477,0.8029387755102041,3,5,5,300
6,0.9142391921803685,0.5676190476190477,0.8029795918367348,3,5,5,100
5,0.9112789171612701,0.5476190476190477,0.7949387755102041,3,5,3,300
0,0.907121212121212,0.5473809523809524,0.7929387755102042,3,3,3,100
